INSERT INTO SP_PARKINGSLOT(id, name, location, capacity) VALUES(1, 'Carrouf', 'ici', 200);
INSERT INTO SP_PARKINGSLOT(id, name, location, capacity) VALUES(2, 'Action', 'là-bas', 201);

INSERT INTO SP_PARKINGSPOT(id, spotnumber, isoccupied, lot_id) VALUES(30, '30', true, 2);
INSERT INTO SP_PARKINGSPOT(id, spotnumber, isoccupied, lot_id) VALUES(31, '31', false, 2);
INSERT INTO SP_PARKINGSPOT(id, spotnumber, isoccupied, lot_id) VALUES(32, '32', true, 2);
INSERT INTO SP_PARKINGSPOT(id, spotnumber, isoccupied, lot_id) VALUES(33, '33', false, 2);

INSERT INTO SP_PARKINGSPOT(id, spotnumber, isoccupied, lot_id) VALUES(0, '0', true, 1);
INSERT INTO SP_PARKINGSPOT(id, spotnumber, isoccupied, lot_id) VALUES(1, '1', false, 1);
INSERT INTO SP_PARKINGSPOT(id, spotnumber, isoccupied, lot_id) VALUES(2, '2', true, 1);
INSERT INTO SP_PARKINGSPOT(id, spotnumber, isoccupied, lot_id) VALUES(3, '3', true, 1);
INSERT INTO SP_PARKINGSPOT(id, spotnumber, isoccupied, lot_id) VALUES(4, '4', false, 1);
INSERT INTO SP_PARKINGSPOT(id, spotnumber, isoccupied, lot_id) VALUES(5, '5', false, 1);
INSERT INTO SP_PARKINGSPOT(id, spotnumber, isoccupied, lot_id) VALUES(6, '6', true, 1);
INSERT INTO SP_PARKINGSPOT(id, spotnumber, isoccupied, lot_id) VALUES(7, '7', true, 1);
INSERT INTO SP_PARKINGSPOT(id, spotnumber, isoccupied, lot_id) VALUES(8, '8', true, 1);
INSERT INTO SP_PARKINGSPOT(id, spotnumber, isoccupied, lot_id) VALUES(9, '9', false, 1);
INSERT INTO SP_PARKINGSPOT(id, spotnumber, isoccupied, lot_id) VALUES(10, '10', false, 1);
INSERT INTO SP_PARKINGSPOT(id, spotnumber, isoccupied, lot_id) VALUES(11, '11', false, 1);
INSERT INTO SP_PARKINGSPOT(id, spotnumber, isoccupied, lot_id) VALUES(12, '12', true, 1);
INSERT INTO SP_PARKINGSPOT(id, spotnumber, isoccupied, lot_id) VALUES(13, '13', false, 1);
INSERT INTO SP_PARKINGSPOT(id, spotnumber, isoccupied, lot_id) VALUES(14, '14', true, 1);
INSERT INTO SP_PARKINGSPOT(id, spotnumber, isoccupied, lot_id) VALUES(15, '15', true, 1);
INSERT INTO SP_PARKINGSPOT(id, spotnumber, isoccupied, lot_id) VALUES(16, '16', true, 1);
INSERT INTO SP_PARKINGSPOT(id, spotnumber, isoccupied, lot_id) VALUES(17, '17', false, 1);
INSERT INTO SP_PARKINGSPOT(id, spotnumber, isoccupied, lot_id) VALUES(18, '18', true, 1);
INSERT INTO SP_PARKINGSPOT(id, spotnumber, isoccupied, lot_id) VALUES(19, '19', true, 1);
INSERT INTO SP_PARKINGSPOT(id, spotnumber, isoccupied, lot_id) VALUES(20, '20', false, 1);
INSERT INTO SP_PARKINGSPOT(id, spotnumber, isoccupied, lot_id) VALUES(21, '21', true, 1);
INSERT INTO SP_PARKINGSPOT(id, spotnumber, isoccupied, lot_id) VALUES(22, '22', false, 1);
INSERT INTO SP_PARKINGSPOT(id, spotnumber, isoccupied, lot_id) VALUES(23, '23', true, 1);
INSERT INTO SP_PARKINGSPOT(id, spotnumber, isoccupied, lot_id) VALUES(24, '24', false, 1);
INSERT INTO SP_PARKINGSPOT(id, spotnumber, isoccupied, lot_id) VALUES(25, '25', false, 1);
INSERT INTO SP_PARKINGSPOT(id, spotnumber, isoccupied, lot_id) VALUES(26, '26', false, 1);
INSERT INTO SP_PARKINGSPOT(id, spotnumber, isoccupied, lot_id) VALUES(27, '27', false, 1);
INSERT INTO SP_PARKINGSPOT(id, spotnumber, isoccupied, lot_id) VALUES(28, '28', true, 1);
INSERT INTO SP_PARKINGSPOT(id, spotnumber, isoccupied, lot_id) VALUES(29, '29', false, 1);

INSERT INTO SP_VEHICLE(id, plate, type, spot_id) VALUES(1, 'EOPIFRU243', 'CAR', 0);
INSERT INTO SP_VEHICLE(id, plate, type, spot_id) VALUES(2, 'EDLKZJHIU3', 'CAR', 2);
INSERT INTO SP_VEHICLE(id, plate, type, spot_id) VALUES(3, 'R435DZ', 'CAR', 3);
INSERT INTO SP_VEHICLE(id, plate, type, spot_id) VALUES(4, 'JFRIEU98R', 'CAR', 6);
INSERT INTO SP_VEHICLE(id, plate, type, spot_id) VALUES(5, 'GJTRIO8873', 'CAR', 7);
INSERT INTO SP_VEHICLE(id, plate, type, spot_id) VALUES(6, '309RUGJ', 'CAR', 8);
INSERT INTO SP_VEHICLE(id, plate, type, spot_id) VALUES(7, 'FRELOI83Y7', 'CAR', 12);
INSERT INTO SP_VEHICLE(id, plate, type, spot_id) VALUES(8, 'FRMPEOKIJ987', 'CAR', 14);
INSERT INTO SP_VEHICLE(id, plate, type, spot_id) VALUES(9, 'DFLJ3784', 'CAR', 15);
INSERT INTO SP_VEHICLE(id, plate, type, spot_id) VALUES(10, 'FREI434', 'CAR', 16);
INSERT INTO SP_VEHICLE(id, plate, type, spot_id) VALUES(11, 'LEKFOZIE4UR', 'CAR', 18);
INSERT INTO SP_VEHICLE(id, plate, type, spot_id) VALUES(12, 'FJKLREE44', 'CAR', 19);
INSERT INTO SP_VEHICLE(id, plate, type, spot_id) VALUES(13, '1RFKO02938', 'CAR', 21);
INSERT INTO SP_VEHICLE(id, plate, type, spot_id) VALUES(14, 'R4OIZJGG', 'CAR', 23);
INSERT INTO SP_VEHICLE(id, plate, type, spot_id) VALUES(15, 'FRELKIO3RU', 'CAR', 28);

INSERT INTO SP_VEHICLE(id, plate, type, spot_id) VALUES(30, 'RJI24O8', 'CAR', 30);
INSERT INTO SP_VEHICLE(id, plate, type, spot_id) VALUES(32, 'OGPMTIR930', 'CAR', 32);
